Startup Name,Industry,Business Description,Company Website,Number of Presenters,Pitchers Average Age,Started in,Pitchers State,Yearly Revenue,Monthly Sales,Gross Margin,Net Margin,Original Ask Amount,Original Offered Equity,Valuation Requested,Received Offer,Accepted Offer,Total Deal Amount,Total Deal Equity,Total Deal Debt,Deal Valuation,Has Patents
BluePineFoods,Food,Frozen Momos,https://bluepinefoods.com/,3,Middle,2016,Delhi,95,8,,,50,5,1000,1,1,75,16,,469,
BoozScooters,Vehicles/Electrical Vehicles,Renting e-bike for mobility in private spaces,https://www.boozup.net/,1,Young,2017,Gujarat,4,0.4,,,40,15,267,1,1,40,50,,80,
HeartUpMySleeves,Beauty/Fashion,Detachable Sleeves,https://heartupmysleeves.com/,1,Young,2021,Delhi,,2,,,25,10,250,1,1,25,30,,83,
TagzFoods,Food,Healthy Potato Chips Snacks,https://tagzfoods.com/,2,Middle,2019,Karnataka,700,,48,,70,1,7000,1,1,70,2.75,,2545,
HeadAndHeart,Education,Brain Development Course,https://thehnh.in/,4,Middle,2015,Punjab,30,,,,50,5,1000,0,,,,,,
Agritourism,Agriculture,Tourism,https://www.agritourism.in/,2,Middle,2005,Maharashtra,79,,,,50,5,1000,0,,,,,,
qZenseLabs,Food,Food Freshness Detector,https://www.qzense.com/,2,Middle,2020,Multiple-States,25,,,,100,0.25,40000,1,0,,,,,
Peeschute,Beauty/Fashion,Disposable Urine Bag,https://www.peeschute.com/,1,Young,2019,Maharashtra,100,,,,75,4,1875,1,1,75,6,,1250,
NOCD,Food,Energy Drink,https://www.jouleshealth.com/,2,Middle,2019,Karnataka,,20,,,50,2,2500,1,1,20,15,30,133,
CosIQ,Beauty/Fashion,Intelligent Skincare,https://mycosiq.com/,2,Middle,2021,Delhi,,4,75,,50,7.5,667,1,1,50,25,,200,
JhaJiAchaar,Food,Pickle,https://www.jhajistore.com/,2,Old,2021,Bihar,,5,18,,50,10,500,1,1,56.6,5.62,,1007,
Bummer,Beauty/Fashion,Underwear,https://bummer.in/,1,Young,2020,Gujarat,,15,70,,75,4,1875,1,1,75,7.5,,1000,
RevampMoto,Vehicles/Electrical Vehicles,E-Bike Mitra bud-e RM,https://www.revampmoto.in/,3,Young,,Maharashtra,,0.01,,,100,1,10000,1,1,100,1.5,,6667,
HungryHead,Food,Restaurant serving 80 types of Maggi,http://www.hungryhead.co.in/,2,Middle,2013,Maharashtra,,5.5,,,50,5,1000,0,,,,,,
ShrawaniEngineers,Beauty/Fashion,Belly Button Shaper,https://www.shrawaniengineers.com/,2,Middle,2019,Maharashtra,50,,,,20,10,200,0,,,,,,
SkippiIcePops,Food,Ice-Pops,https://skippi.in/,2,Middle,,Telangana,,6,,,45,5,900,1,1,100,15,,667,
Menstrupedia,Education,Menstrual Awareness Comic,https://www.menstrupedia.com/,2,Middle,,Gujarat,115,,,,50,10,500,1,1,50,20,,250,
Hecoll,Beauty/Fashion,Pollution Resistant Fabric - Healthy Cover For All,https://hecoll.com/,1,Middle,2019,Telangana,107,,,,100,1,10000,0,,,,,,
RaisingSuperstars,Education,Child Development App,https://raisingsuperstars.com/india-page,2,Middle,,,1300,,,,100,2,5000,1,1,100,4,,2500,
Torch-it,Education,Gadgets for visually impaired people,https://mytorchit.com/,1,Middle,2018,Gujarat,,1,,,75,1,7500,1,0,,,,,
Kavach,Education,Report bullying incidents,,2,Young,,,,,,,5,10,50,1,1,5,10,,50,
LaKheerDeli,Food,Kheer in variety of flavors,https://lakheerdeli.com/,3,Middle,,Maharashtra,,6,,,50,7.5,667,1,0,,,,,
BeyondSnack,Food,Kerala Banana Chips,https://www.beyondsnack.in/,1,Middle,,Kerala,,20.6,51,,50,2.5,2000,1,1,50,2.5,,2000,
VivalyfInnovations,Medical/Health,Easy Life Prickless Diabetes Testing Machine,https://vivalyf.in/,2,Young,,Telangana,,,,,56,7.5,747,1,1,56,33.33,,168,
MotionBreeze,Vehicles/Electrical Vehicles,Smart Electric Motorcycle,https://www.motionautomotive.in/,4,Middle,,Gujarat,0,,,,30,3,1000,1,1,30,6,,500,
Altor,Manufacturing,Smart Helmets,https://www.altorsmarthelmet.com/,4,Young,2019,West Bengal,,,,,50,5,1000,1,1,50,7,,714,
Ariro,Manufacturing,Wooden Toys,https://arirotoys.com/,2,Young,2020,Tamil Nadu,300,25,50,,50,2.5,2000,1,1,50,10,,500,
KabiraHandmad,Food,Healthy Edible Oils dairy products spices flour,https://www.kabirafoods.com/,2,Middle,,Rajasthan,,160,3,,100,5,2000,1,0,,,,,
Nuutjob,Beauty/Fashion,Male Intimate Hygiene deo spray,https://nuutjob.com/,2,Young,2021,Gujarat,,0.002,70,,25,5,500,1,1,25,20,,125,
Meatyour,Food,Eggs,https://meatyour.com/,3,Middle,,Maharashtra,130,2.8,30,,30,5,600,1,1,30,20,,150,
EventBeep,Education,Student Community App EdTech,https://www.eventbeep.com/,3,Young,,,,,,,30,2,1500,1,1,30,3,,1000,
Gopal's56,Food,Fiber Ice Cream,https://www.gopals56.in/,1,Middle,2014,Delhi,80,33,,,30000,25,120000,0,,,,,,
ARRCOATSurfaceTextures,Manufacturing,Wall Building Surface Textures,https://www.arrcoat.com/,3,Middle,2019,Delhi,,6,,,50,5,1000,1,1,50,15,,333,
Farda,Beauty/Fashion,Customised Streetwear,https://fardaclothing.com/,2,Young,2021,Maharashtra,,0.32,115,,30,10,300,1,1,30,20,,150,
Auli,Beauty/Fashion,Ayurvedic Products Skincare Lifestyle,https://aulilifestyle.com/,1,Middle,,West Bengal,,16,80,,75,4,1875,1,1,75,15,,500,
SweeDesi,Food,Indian Sweets Online,https://www.sweedesi.com/,2,Middle,,Maharashtra,,,,,40,3,1333,0,,,,,,
LOKA,Technology/Software,Metaverse App,https://www.lokaworld.app/,1,Young,,Delhi,,,,,40,5,800,1,1,40,24,,167,
Annie,Education,Thinkerbell labs Braille Literary Device,https://www.thinkerbelllabs.com/annie,4,Young,2016,Karnataka,,4,,,30,0.5,6000,1,1,105,3,,3500,
Carragreen,Manufacturing,Eco-Friendly boxes,https://carragreen.com/,2,Middle,,Madhya Pradesh,,,,,50,10,500,1,1,50,20,,250,
TheYarnBazaar,Manufacturing,Yarn-Trading App Online Marketplace for Yarn,https://theyarnbazaar.com/,1,Middle,,Maharashtra,180,,,,50,2,2500,1,1,100,10,,1000,
TheRenalProject,Medical/Health,Home Dialysis Treatment,https://www.therenalproject.com/,1,Middle,2019,Maharashtra,90,,,,100,3,3333,1,1,100,6,,1667,
MorrikoPureFoods,Food,Healthy Food Snacks Kamdhenu foods,https://morrikopurefoods.com/,3,Middle,2018,Gujarat,,16,,,100,3,3333,1,0,,,,,
GoodGoodPiggy,Technology/Software,Digital Piggy Bank,https://goodgoodpiggy.com/,2,Young,,Delhi,0,,,,45,5,900,0,,,,,,
HammerLifestyle,Electronics,Smart Audio Products,https://hammeronline.in/,3,Young,,Haryana,1000,,,,30,3,1000,1,1,100,40,,250,
PNT,Technology/Software,Robotics and Automation Solutions,https://pntsolutions.in/,2,Young,2021,Maharashtra,,,,,50,4,1250,1,1,25,25,25,100,
Cocofit,Food,Coconut based beverage franchise,https://www.cocofit.in/,3,Middle,2019,Telangana,100,,95,,0.00005,5,0,1,1,0.00005,5,,0,
BambooIndia,Manufacturing,Bamboo Products,https://www.bambooindia.com/,2,Middle,2016,Maharashtra,,20,,,80,4,2000,1,1,50,3.5,30,1429,
FlyingFur,Animal/Pets,Dog pets Hygiene,https://flyingfur.in/,3,Middle,,Delhi,,,,,75,7,1071,0,,,,,,
BeyondWater,Food,Liquid Water Enhancer,https://drinkbeyond.co.in/,2,Young,2020,West Bengal,,10,,,75,4,1875,1,1,75,15,,500,
Let'sTry,Food,Healthy Snacks,https://www.letstryfoods.com/,4,Middle,2017,Delhi,,3,55,,45,2,2250,1,1,45,12,,375,
FindYourKicksIndia,Beauty/Fashion,Sneaker Resale,https://findyourkicksindia.co/,3,Young,2021,Punjab,,3.5,,,50,10,500,1,1,50,25,,200,
AasVidyalaya,Education,EdTech App,https://www.aasvidyalaya.com/,2,Middle,2019,Maharashtra,150,,,,150,3,5000,1,1,150,15,,1000,
Outbox,Services,Premium Surprise-Planning,https://www.outboxsurprises.com/,2,Young,2017,West Bengal,110,,,,50,5,1000,0,,,,,,
RoadBounce,Technology/Software,Pothole Detection Software and Data,https://www.roadbounce.com/,1,Middle,2016,Maharashtra,250,,,,80,10,800,1,1,80,20,,400,
Mommy'sKitchen,Food,Thin Crust Pizza,https://mommys.kitchen/,3,Middle,2016,Maharashtra,,4.5,,,90,3,3000,0,,,,,,
IndiaHempandCo,Food,Hemp Food Products,https://www.indiahempandco.com/,1,Middle,2019,Karnataka,,2,,,50,4,1250,1,0,,,,,
Otua,Vehicles/Electrical Vehicles,Electric Auto Vehicle Dandera,https://www.danderaelectric.com/,2,Middle,2018,Haryana,,,,,100,1,10000,1,1,1,1,99,100,
Anthyesti,Services,Funeral Service the last rites,https://anthyesti.com/,1,Middle,2015,Karnataka,116,,50,,50,2.5,2000,0,,,,,,
Ethik,Manufacturing,Leather-free Shoes,https://www.ethik.in/,2,Middle,2012,Karnataka,,1,,,15,5,300,0,,,,,,
WeSTOCK,Animal/Pets,Brainwired Livestock health monitoring AI pets ear tag,https://www.brainwired.in/,2,Middle,,Kerala,55,,,,50,5,1000,1,1,60,10,,600,
KetoIndia,Food,Customised Keto Diets for various Medical/Health issues,https://www.ketoindia.fit/,1,Young,,Delhi,180,,,,150,1.25,12000,1,0,,,,,
Magiclock,Hardware,LPG Cylinder lock,http://www.magiclockdc.com/,3,Middle,,,,0.04,,,120,8,1500,0,,,,,,
TheStatePlate,Food,Delicacies,https://thestateplate.com/,2,Young,2020,Multiple-States,,40,,,65,2,3250,1,1,40,3,25,1333,
Bakarmax,Technology/Software,Comics & Animation,https://bakarmax.com/,2,Young,2020,Delhi,35,,,,35,5,700,0,,,,,,
INACAN,Food,Can Cocktails,https://inacan.in/,3,Middle,2020,Maharashtra,,23,,,50,2,2500,1,1,100,10,,1000,
Get-A-Whey,Food,Sugar-Free Icecream,https://getawhey.in/,2,Middle,2018,Maharashtra,360,0.25,69,,100,8,1250,1,1,100,15,,667,
Sid07Designs,Hardware,Inventions,https://sid07designs.com/,1,Young,2018,Jammu & Kashmir,,1,,,47,10,470,1,1,25,75,22,33,
TheQuirkyNaari,Beauty/Fashion,Customised Apparels,https://thequirkynaari.com/,1,Young,2018,Uttar Pradesh,,3,,,35,5,700,1,1,35,24,,146,
HairOriginals,Beauty/Fashion,Natural Hair Extensions,https://www.hairoriginals.in/,3,Middle,2019,Haryana,,50,62,,60,2,3000,1,1,60,4,,1500,
Poo-de-Cologne,Beauty/Fashion,Toilet Spray with Essential Oils,https://www.poodecologne.com/,1,Middle,,Maharashtra,,0.75,150,,75,5,1500,0,,,,,,
Moonshine,Food,Meads,https://www.moonshinemeadery.com/,2,Middle,2018,Maharashtra,372,,70,,80,0.5,16000,1,0,,,,,
Falhari,Food,Fresh Fruits salads,https://falhari.com/,3,Middle,2015,Haryana,,1,25,,50,2,2500,1,0,,,,,
NamhyaFoods,Food,Ayurvedic Enriched Food,https://namhyafoods.com/,1,Young,2019,Jammu & Kashmir,,16,34,,100,5,2000,1,1,50,10,50,500,
UrbanMonkey,Beauty/Fashion,Streetwear,https://www.urbanmonkey.com/,1,Young,2014,Maharashtra,,200,25,,100,1,10000,1,0,,,,,
GuardianGears,Manufacturing,Motorcycle Luggage bags,https://guardiangears.in/,2,Middle,2018,Telangana,2500,21,50,,30,5,600,1,0,,,,,
ModernMyth,Beauty/Fashion,Bags Slings Clutches Handbags Totes Laptop Bags Travel Essentials Pouches Trunks & Gifting,https://www.modernmyth.in/,2,Young,2019,Delhi,,14,,,75,5,1500,0,,,,,,
TheSassBar,Beauty/Fashion,Gifts Soaps,https://www.thesassbar.com/,1,Young,2021,Maharashtra,,7,65,,40,8,500,1,1,50,35,,143,
KGAgrotech,Agriculture,Agricultural Innovations,,2,Young,2014,Maharashtra,,,,,30,10,300,1,1,10,40,20,25,
NuskhaKitchen,Food,Homemade after delivery Foods,https://nuskhakitchen.com/,2,Middle,2019,Rajasthan,,1.45,,,20,10,200,0,,,,,,
PawsIndia,Animal/Pets,Dog Products,https://pawsindia.com/,1,Young,2016,Maharashtra,,20,,,50,4,1250,1,1,50,15,,333,
SunfoxTechnologies,Medical/Health,Portable ECG Device,https://www.sunfox.in/,4,Young,2016,Uttarakhand,120,5,,,100,2,5000,1,1,100,6,,1667,
Alpino,Food,Roasted Peanut butter Products,https://alpino.store/,4,Young,2016,Gujarat,1000,,38,,150,2,7500,1,0,,,,,
IsakFragrances,Beauty/Fashion,Perfumes Fragrances,https://isakfragrances.com/,1,Young,2016,Uttar Pradesh,,3.5,,,50,8,625,1,1,50,50,,100,
JulaaAutomation,Manufacturing,Automatic Cradle,https://www.automaticjulaa.com/,3,Middle,2022,Gujarat,0,,,,50,10,500,0,,,,,,
RarePlanet,Manufacturing,Handicrafts,https://rareplanet.in/,2,Middle,2015,West Bengal,,12,,,65,1,6500,1,1,65,3,,2167,
ThekaCoffee,Food,Coffee Products,https://thekacoffee.com/,1,Young,2018,Gujarat,180,4,,,50,10,500,0,,,,,,
WattTechnovations,Medical/Health,Ventilated PPE Kits,https://www.watttechnovations.com/,1,Young,2020,Maharashtra,,,,,0.00101,2,0,1,1,0.00101,4,,0,
AlisteTechnologies,Technology/Software,Automation Solutions,https://www.alistetechnologies.com/,6,Young,2020,Uttar Pradesh,,7.5,40,,60,5,1200,1,0,,,,,
InsuranceSamadhan,Services,Insurance Solutions,https://www.insurancesamadhan.com/,3,Middle,2016,Uttar Pradesh,,22,,,100,1,10000,1,1,100,4,,2500,
HumpyA2,Food,Organic Milk A2 Products,https://humpyfarms.com/,3,Middle,2017,Maharashtra,208,,44,,75,4,1875,1,1,100,15,,667,
KunafaWorld,Food,Kunafa food products,https://www.kunafaworld.com/,2,Young,2018,Karnataka,200,30,30,,90,5,1800,0,,,,,,
GoldSafeSolutions,Manufacturing,Anti-Suicidal Fan Rod,https://www.goldlife.co.in/,2,Middle,2017,Maharashtra,50,,25,,50,5,1000,1,1,50,30,,167,
WakaoFoods,Food,Jackfruit Products,https://wakaofoods.com/,1,Middle,2021,Goa,,6,,,75,5,1500,1,1,75,21,,357,
PDDFalcon,Manufacturing,Stainless Steel Items,https://falconproducts.co.in/,2,Young,2018,Gujarat,272,,30,,75,3,2500,1,0,,,,,
PlayBoxTV,Services,Streaming Platform,https://playboxtv.in/,2,Young,2017,Maharashtra,1020,,,,100,3.5,2857,1,0,,,,,
Sippline,Manufacturing,Portable Glass Attachment Drinking Shields,https://www.sippline.com/,1,Middle,2019,Maharashtra,,,,,75,15,500,0,,,,,,
KabaddiAdda,Sports,All-Kabaddi App,https://www.kabaddiadda.com/,2,Middle,2019,Karnataka,250,,,,80,1,8000,1,1,80,6,,1333,
ShadesofSpring,Services,Flowers,https://shadesofspring.in/,2,Young,2019,Karnataka,900,,29,,300,1,30000,0,,,,,,
Scholify,Education,Scholarship Platform,https://scholifyme.com/,1,Middle,,Karnataka,0,,,,50,7.5,667,0,,,,,,
Scrapshala,Manufacturing,Handmade Reusable Scrap Materials,https://scrapshala.com/,2,Middle,2016,Uttar Pradesh,,2,,,50,10,500,0,,,,,,
Sabjikothi,Manufacturing,Vegetables Storage SaptKrishi,https://www.saptkrishi.com/,2,Young,,Bihar,0,,,,60,2.5,2400,0,,,,,,
AyuRythm,Medical/Health,Ayurvedic Wellness App,https://www.ayurythm.com/home/,3,Middle,2016,Karnataka,,,,,75,2,3750,1,1,75,2.68,,2799,
Astrix,Manufacturing,Smart Locks Qtouch,https://www.astrixengineering.com/,2,Middle,2021,Tamil Nadu,,18,,,75,3,2500,0,,,,,,
TheaandSid,Services,Proposal Solutions,https://theaandsid.com/,2,Middle,2021,Maharashtra,16,10,75,,80,7,1143,0,,,,,,
ExperentialEtc,Technology/Software,Technology layered advertisement services,https://www.experientialetc.com/,2,Middle,2017,Maharashtra,100,,,,200,4,5000,1,0,,,,,
GrowFitter,Technology/Software,Rewards App,https://www.growfitter.com/,2,Middle,2016,Maharashtra,170,,,,50,1,5000,1,1,50,2,,2500,
C3Med-Tech,Medical/Health,Portable ophthalmic vision devices,https://c3prototypes.com/,2,Middle,2019,Gujarat,,,,,35,6,583,1,0,,,,,
ColourMeMad-CMM,Beauty/Fashion,Insoles,https://yourfootdoctor.in/,2,Middle,2017,Maharashtra,,0.66,,,40,10,400,1,1,40,25,,160,
Mavi's,Food,Vegan Fermented Food,https://mavispantry.com/,2,Middle,2018,Maharashtra,,2,,,40,5,800,0,,,,,,
TweekLabs,Sports,Sportswear,https://www.tweek-labs.com/,4,Middle,2019,Delhi,,,,,40,2,2000,1,1,60,10,,600,
Proxgy,Technology/Software,Virtual Reality,https://www.proxgy.com/,2,Middle,2020,Delhi,,,,,35,1,3500,1,1,100,10,,1000,
NomadFoodProject,Food,Bacon Jams Relishes,https://nomadfoodproject.com/,2,Young,2019,Multiple-States,,3,70,,40,10,400,1,1,40,20,,200,
TweeInOne,Beauty/Fashion,Reversible and convertible clothing,https://tweeinone.com/,1,Young,2017,Maharashtra,,,,,30,7.5,400,0,,,,,,
GreenProtein,Food,Plant-Based Protein,https://greenprotein.co.in/,2,Middle,2019,Maharashtra,,12,40,,60,2,3000,1,0,,,,,
On2Cook,Food,Fastest Cooking Device,https://on2cook.com/,1,Middle,,,0,,,,100,1,10000,0,,,,,,
JainShikanji,Food,Lemonade,https://jainshikanjimasala.com/,1,Middle,2017,Uttar Pradesh,,2,,,40,8,500,1,1,40,30,,133,
Woloo,Technology/Software,Washroom Finder,https://woloo.in/,3,Middle,2020,,108,,,,50,4,1250,1,0,,,,,
ElcareIndia,Medical/Health,Carenting for Elders,https://elcare.co/,3,Middle,2021,Maharashtra,60,,30,,100,2.5,4000,0,,,,,,
SneaKare,Beauty/Fashion,Shoe Sneaker kits storage crates,https://sneakare.com/,1,Young,2020,Delhi,,7,,,20,5,400,1,1,21,12,,175,
FrenchCrown,Beauty/Fashion,Clothes,https://frenchcrown.in/,2,Middle,2017,Gujarat,7200,,70,,150,0.33,45455,1,0,,,,,
StoreMyGoods,Services,Storage solutions,https://storemygoods.in/,3,Middle,2020,Uttar Pradesh,100,,,,100,1.75,5714,1,1,50,4,50,1250,
Devnagri,Technology/Software,Translation of language content,https://devnagri.com/,2,Middle,2020,Delhi,500,,,,100,1,10000,1,0,,,,,
WitBlox,Manufacturing,Kids playing equipment,https://witblox.com/,2,Middle,2020,Maharashtra,,,,,60,3,2000,1,1,60,10,,600,
Kineer,Food,Packaged drinking water,https://www.kineerblessed.com/,2,Middle,2018,,,2,,,100,10,1000,0,,,,,,
PiChem,Manufacturing,Chemical products,http://www.pichem.in/,1,Young,2021,Uttar Pradesh,,1.77,50,,40,5,800,0,,,,,,
Clensta,Beauty/Fashion,Waterless bathing technology products,https://clensta.com/,1,Middle,2017,Delhi,,150,,,100,1,10000,0,,,,,,
InfinitiInsects,Animal/Pets,Live insect feed for pets,https://infiniti-insects.business.site/,2,Middle,2016,,,0.5,,,25,10,250,0,,,,,,
AshwaPro,Services,Outdoor cycling gym,https://ashwa.pro/,1,Middle,,Rajasthan,,,,,50,10,500,0,,,,,,
Mine4Nine,Beauty/Fashion,Trendy maternity dresses,https://mine4nine.in/,2,Middle,2019,Haryana,260,,,,75,4,1875,0,,,,,,
StudioBeej,Beauty/Fashion,Sustainable leather accessories,https://studiobeej.com/,1,Middle,2020,,112,,,,75,7.5,1000,0,,,,,,
Sattuz,Liquor/Beverages,Foods Beverages super food,https://sattuz.in/,2,Middle,2018,Bihar,25,,,,25,5,500,0,,,,,,
Scintiglo,Medical/Health,Diagnostic device for microalbuminuria estimation,https://cemd.in/,1,Middle,2021,Madhya Pradesh,0,,,,75,1,7500,1,0,,,,,
Glii,Services,Dating app for LGBTQ,https://www.glii.in/,4,Middle,2021,,,,,,40,4,1000,0,,,,,,
StanleeIndia,Electronics,Televisions,https://www.stanleeindia.com/,3,Middle,2019,Delhi,,,,,60,3,2000,0,,,,,,
SpaceKidzIndia,Manufacturing,Small Satellites by kids,https://www.spacekidzindia.in/,2,Middle,,Tamil Nadu,,,,,100,2,5000,0,,,,,,
UrbanNaps,Services,Smart Napping Pod,https://urbannaps.com/,2,Young,2018,Gujarat,,,,,50,4,1250,1,0,,,,,
Gizmoswala,Entertainment,Sex toys and games,https://www.gizmoswala.com/,3,Middle,2020,,,7,40,,75,5,1500,0,,,,,,
ZyppElectric,Vehicles/Electrical Vehicles,Electrical Vehicles,https://zypp.app/,2,Young,,Haryana,-1,,,,220,1,22000,0,,,,,,
Picsniff,Technology/Software,Face recognition based image sharing,https://algomage.com/algoshare,1,Young,,,,,,,55,1,5500,1,0,,,,,
Deciwood,Electronics,Portable wooden Bluetooth speakers,https://deciwood.com/,2,Young,2019,,,,,,50,3.5,1429,0,,,,,,
HappyBar,Food,FitSport delicious snacks,https://www.fitsport.me/,3,Middle,2019,Telangana,-1,29,,,60,2,3000,0,,,,,,
Tathastulive,Services,"Offer Daan, Puja and Yajna",https://www.temple.biz/,3,Middle,2020,Gujarat,,,,,50,10,500,0,,,,,,
BandsandCups,Beauty/Fashion,Bra fitting service,https://www.bandsandcups.com/,1,Middle,2021,Tamil Nadu,,1,60,,40,10,400,0,,,,,,
MyWealthProtector,Services,Beyond Life Service,https://mywealthprotector.com/,2,Middle,,Maharashtra,,2,,,50,2.5,2000,0,,,,,,
TheIris,Manufacturing,Pocket Microscopes,,2,Young,,,,,,,10,15,67,0,,,,,,
Canebot,Food,Juice making machine,,2,Middle,,Maharashtra,200,,,,100,2.5,4000,0,,,,,,
OyeDelhiOye,Food,Delhi Ke Chole Kulche,,2,Middle,2021,Delhi,,,,,35,10,350,0,,,,,,
InaliAssistiveTech,Medical/Health,Prosthetics,https://inalifoundation.com/,2,Young,,Maharashtra,,,,,50,5,1000,0,,,,,,
Meera'sCelebrations,Services,Wedding ceremonial items,https://www.facebook.com/meeracelebrations/,2,Middle,,Punjab,,,,,50,25,200,0,,,,,,
Artment,Beauty/Fashion,Exquisite pieces of home decor,https://theartment.com/,2,Young,2019,,,100,,,170,2.5,6800,1,0,,,,,
Powertree,Manufacturing,Beautiful efficient solar panels,https://powertree.co.in/,2,Middle,,Gujarat,,,,,150,2.5,6000,0,,,,,,
Eume,Beauty/Fashion,Massager Backpack,https://eumeworld.com/,3,Middle,2018,Maharashtra,1200,,,,150,2,7500,1,0,,,,,
Hoovu,Services,Fresh Pooja flowers,https://hoovufresh.com/,2,Young,,Karnataka,,65,,,80,1,8000,1,1,100,2,,5000,
Dorji,Food,Flavors of Tea,https://dorjeteas.com/,2,Young,,West Bengal,,11,,,30,5,600,1,1,30,15,,200,
Recode,Beauty/Fashion,Beauty & cosmetics,https://shop.recodestudios.com/,2,Middle,,Punjab,,,,,100,1,10000,0,,,,,,
VeryMuchIndian,Beauty/Fashion,Paithani Handloom Sarees,https://www.verymuchindian.com/,2,Middle,2018,Maharashtra,150,,35,,50,3,1667,1,1,50,10,,500,
WatchoutWearables,Electronics,Smart watches,https://www.watchoutwearables.com/,2,Young,2021,,,25,,,200,5,4000,1,1,100,10,100,1000,
SoupX,Food,Soup based meals,https://www.soupx.in/,2,Young,,Delhi,-1,,45,,75,6,1250,1,1,50,18,25,277.7777778,
ATMOSPHERE,Food,Varieties of kombucha,https://atmospherestudio.in/,2,Young,,Delhi,,,,,75,3,2500,1,0,,,,,
Stage,Entertainment,Web series and movies in Indian languages,https://www.stage.in/,3,Young,,,,,,,300,1,30000,1,1,150,0.6,150,25000,
Girgit,Beauty/Fashion,color-changing clothing products ,https://www.girgitstore.com/,2,Young,,,,,,,20,10,200,1,1,20,20,,100,
GearHeadMotors,Vehicles/Electrical Vehicles,Electric vehicles bikes,https://www.ghmev.com/,2,Young,,Telangana,,,,,75,2,3750,1,1,100,6.67,,1499.250375,
PatilKaki,Food,Homemade snacks,https://patilkaki.com/,3,Young,,,,,,,40,2.5,1600,1,1,40,4,,1000,
Brandsdaddy,Manufacturing,Auto Fire Extinguisher,https://www.brandsdaddy.com/,2,Middle,,Maharashtra,,12,60,,70,5,1400,1,1,35,5,35,700,
Winston,Beauty/Fashion,Techno beauty products at home,https://winstonindia.com/,2,Middle,,Haryana,,46,,,100,4,2500,1,1,100,10,,1000,
Flatheads,Beauty/Fashion,Shoes Sneakers Loafers,https://www.flatheads.in/,1,Middle,2019,Karnataka,-1,,,,75,3,2500,1,0,,,,,
OrganicSmokes,Beauty/Fashion,Organic Cigarettes Cigarillos Smokes,https://www.meaame.com/,3,Middle,,Delhi,,40,,,100,1,10000,0,,,,,,
TeaFit,Liquor/Beverages,Refreshing beverages ,http://tea.fit/,3,Young,,Maharashtra,,,,,50,3,1666.666667,1,1,50,8,,625,
Haqdarshak,Services,Platform to know about welfare schemes for MSMEs,https://haqdarshak.com/,2,Middle,,Himachal Pradesh,,,,,100,0.5,20000,1,1,100,2,,5000,
Bhaskar'sPuranpoliGhar,Food,Varieties of Puranpoli snacks,http://bhaskarspuranpolighar.in/,3,Middle,,Maharashtra,,,,,75,1,7500,0,,,,,,
GunjanAppsStudios,Technology/Software,CHILDREN'S PLAYFUL LEARNING PARTNER,https://gunjanappstudios.com/,2,Middle,,West Bengal,2400,,,,250,1,25000,0,,,,,,
TheSimplySalad,Food,Freshly chopped salads,https://simplysalad.com/,2,Young,,Gujarat,,,,,30,10,300,1,1,30,10,,300,
AyuSynk,Medical/Health,Digital Stethoscopes,https://www.ayudevices.com/,3,Middle,,,,,,,100,1.5,6666.666667,1,1,50,3.5,50,1428.571429,
AtypicalAdvantage,Technology/Software,Platform for persons with disabilities,https://atypicaladvantage.in/,1,Middle,,Jharkhand,,,,,30,1,3000,1,1,30,3,,1000,
HouseOfChikankari,Beauty/Fashion,HANDMADE BY ARTISANS OF LUCKNOW,https://www.houseofchikankari.in/,2,Middle,2020,Delhi,,,,,75,1,7500,1,1,75,3.75,,2000,
MagicOfMemories,Beauty/Fashion,DNA Jewllery,https://www.themagicofmemories.com/,1,Middle,,Delhi,,,,,25,5,500,0,,,,,,
Paradyes,Beauty/Fashion,Semi Permanent Hair Color,https://www.birdsofparadyes.com/,2,Young,2020,Gujarat,350,,,,65,1,6500,1,1,65,2,,3250,
Nestroots,Furnishing/Household,"House of design, aesthetics and elegance",https://www.nestroots.com/,1,Middle,,Delhi,,,,,50,1,5000,1,1,50,2,,2500,
Zillionaire,Beauty/Fashion,Unique styles of stones and jewels,https://zillionaireindia.com/,2,Young,,Rajasthan,100,,,,50,3.3,1515.151515,1,1,100,10,,1000,
Credmate,Technology/Software,Platform for credit score,https://credmate.in/,2,Middle,,Punjab,,130,,,50,5,1000,0,,,,,,
Freebowler,Sports,Non-Electric & Portable Bowling Machines,https://freebowler.com/,2,Middle,,Karnataka,,,,,75,7.5,1000,1,1,25,7.5,50,333.3333333,
ABCSports&Fitness,Sports,Sports training institute,https://www.abcfitnessfirm.com/,2,Middle,,Maharashtra,,,,,40,2,2000,1,1,40,10,,400,
Primebook,Technology/Software,Android Apps on Windows laptops,https://www.primebook.in/,4,Middle,,,,,,,75,1.5,5000,1,1,75,3,,2500,
DailyDump,Manufacturing,Compost Bins,https://www.dailydump.org/,2,Middle,2006,Karnataka,,,,,80,4,2000,1,1,30,4,50,750,
GharSoaps,Beauty/Fashion,Pure Organic Soaps,https://www.gharsoaps.shop/,2,Middle,,,,,,,60,2,3000,1,1,60,4,,1500,
Janitri,Medical/Health,Pregnancy Monitoring systems,https://www.janitri.in/,1,Middle,2021,Rajasthan,,,,,100,2.5,4000,1,1,100,2.5,,4000,
JaipurWatchCompany,Manufacturing,Made in India Imperial Automatic Watches,https://jaipur.watch/,1,Middle,,Rajasthan,,,75,,50,2,2500,0,,,,,,
InsideFPV,Manufacturing,Plug and Fly Drones,https://www.insidefpv.com/,3,Young,,Gujarat,,,,,75,4,1875,1,1,75,15,,500,
Angrakhaa,Beauty/Fashion,Contemporary Indian clothing,https://www.angrakhaa.com/,2,Young,,,,,,,40,5,800,1,1,40,20,,200,
Diabexy,Food,Diabetes Friendly Food Products,https://diabexy.com/,2,Middle,2016,Haryana,,100,,,150,1,15000,1,0,,,,,
Kyari,Manufacturing,Smart stick Guardian,https://kyari.in/,2,Young,2018,,,10,,,51,1,5100,1,1,51,6,,850,
MoppFoods,Food,Mad over Parathas Pakodas,https://moppfoods.com/,2,Middle,,Delhi,,,,,75,2.25,3333.333333,1,1,75,5,,1500,
Econiture,Furnishing/Household,Furniture from plastic waste,https://www.econiture.com/,4,Middle,,Maharashtra,,,,,50,8,625,0,,,,,,
Dobiee,Food,CANDIES MUSKIEE TOYS,https://www.dobiee.com/,2,Middle,2021,Maharashtra,,32,23,,72,2,3600,1,1,72,6.5,,1107.692308,
FastBeetle,Services,Local courier and parcel service,https://www.fastbeetle.com/,2,Young,2019,Jammu & Kashmir,-1,25,54,,90,3,3000,1,1,90,7.5,,1200,
Pflow,Medical/Health,Disposable uroflowmetry system,https://tejnaksh.com/our-domains/healthcare-equipment/p-flow/,2,Middle,2021,Maharashtra,,,80,,60,1,6000,1,1,60,6,,1000,
VSMani,Food,Coffee and snacks,https://vsmani.com/,3,Middle,2020,Karnataka,-1,63,,,60,1.5,4000,1,1,19,1,41,1900,
Sepal,Manufacturing,Bike Accessories,https://sepal.in/,2,Middle,,Telangana,,,37,,50,1,5000,1,1,50,2,,2500,
Solinas,Services,"Products organise the management of pipelines,manholes and septic tanks",https://solinas.in/,4,Middle,2020,Tamil Nadu,120,,,,90,2,4500,1,1,90,3,,3000,
AvimeeHerbal,Beauty/Fashion,Ayurveda hair skin products,https://avimeeherbal.com/,5,Middle,2021,,,165,69,,280,0.5,56000,1,0,,,,,
eyenic,Beauty/Fashion,Eyewear,https://eyenic.in/,2,Middle,2017,,,15,45,21,75,6,1250,0,,,,,,
ekatra,Furnishing/Household,Handmade paper goods,https://ekatrahandmade.com/,2,Middle,2019,Rajasthan,,5,80,28,40,10,400,1,1,20,20,20,100,
Raasa,Food,Food karts,,1,Middle,2022,Delhi,,,,,50,5,1000,1,1,50,25,,200,
NeoMotion,Manufacturing,Wheelchairs,https://www.neomotion.in/,3,Middle,2020,,470,,,,100,1,10000,1,1,100,1,,10000,
licksters,Food,Icecreams ice-pops,https://www.licksters.com/,2,Middle,,Multiple-States,86,14,,,50,5,1000,1,1,25,5,25,500,
Sayonara,Beauty/Fashion,Petticoat,,1,Middle,,,0,,,,100,1,10000,0,,,,,,1
PMV,Vehicles/Electrical Vehicles,Personal Mobility Vehicle,https://pmvelectric.com/,1,Middle,2018,,0,,,,100,1,10000,1,0,,,,,
SpiceStory,Food,Indian Sauces Chutneys,https://spice-story.in/,3,Middle,2019,,410,57,,,70,2,3500,1,1,70,5,,1400,
Bullspree,Technology/Software,App to learn stock market basics,https://bullspree.com/,3,Middle,,Gujarat,-1,,,,75,1.5,5000,1,1,75,2.86,,2622.377622,
Snitch,Beauty/Fashion,Menswear,https://www.snitch.co.in/,1,Middle,2020,Karnataka,,,,,150,0.5,30000,1,1,150,1.5,,10000,
Portl,Services,Portl studio gym,https://portl.co/,3,Middle,,Telangana,,,45,,150,1,15000,1,1,150,2.5,,6000,
FatToSlim,Beauty/Fashion,Diet Plan Weight Loss,http://fattoslimbangalore.com/,1,Middle,,Karnataka,,14,,,20,1,2000,0,,,,,,
CheeseCake&Co.,Food,Cakes Slices,https://cheesecakeco.in/,2,Middle,2018,Delhi,,194,,,100,2,5000,1,0,,,,,
Dabble,Manufacturing,Paints Crayons Brushes,https://dabbleplayart.com/,2,Middle,,Karnataka,33,8.7,75,,50,10,500,1,1,15,10,35,150,
CloudTailor,Services,Custom tailor online,https://www.cloudtailor.com/,3,Middle,,Multiple-States,-1,34,,,100,1.4,7142.857143,0,,,,,,
BeUnic,Services,Platform for LGBTQ+ creators and entrepreneurs,https://beunic.in/,3,Middle,,,50,6,,,100,10,1000,1,0,,,,,
Broomees,Services,Helpers homemakers for your home,https://broomees.com/,3,Middle,,Delhi,,,,,80,2,4000,1,1,100,3,,3333.333333,
Ravel,Beauty/Fashion,Custom Hair Products,https://www.ravelcare.com/,1,Middle,2021,Maharashtra,,40,,,75,2.5,3000,1,1,75,10,,750,
HoneyVeda,Food,Honey in natural nutritious form,https://www.honeyveda.in/,2,Middle,,Gujarat,53,,20,,75,7.5,1000,1,1,50,20,25,250,
PadCare,Manufacturing,Menstrual hygiene disposal solution,https://www.padcarelabs.com/,1,Young,,Maharashtra,-1,14,,,50,2,2500,1,1,100,4,,2500,
SwadeshiBlessings,Furnishing/Household,Clay utensils and cookwares,https://www.swadeshiblessings.in/,3,Middle,2020,Multiple-States,120,28,60,,50,5,1000,1,1,25,5,25,500,
OLL,Technology/Software,Online Live Learning Skill development classes,https://www.oll.co/,1,Young,,,,,,,30,2,1500,1,1,30,5,,600,
Febris,Medical/Health,"Scrubs, Lab Coats & Medical Apparel",https://www.febris.in/,2,Middle,,,110,12,,20,100,2.5,4000,0,,,,,,
Geeani,Vehicles/Electrical Vehicles,Smallest EV tractor,,3,Middle,,Gujarat,,,,,75,7.5,1000,1,1,100,10,,1000,
Amore,Food,Gelato Ice Cream Online,https://www.amoregelato.com/,2,Middle,,Multiple-States,,,,,75,4,1875,1,1,75,7.5,,1000,
LeafyAffair,Beauty/Fashion,Botanical Jewellery,https://leafyaffair.com/,1,Middle,,Karnataka,110,21,80,,50,2.5,2000,0,,,,,,
ScrapUncle,Services,Sell scrap recyclables online,https://scrapuncle.com/,1,Young,2020,Delhi,600,,25,,60,3,2000,1,1,60,5,,1200,
SharmaJiKiAata,Food,Freshly milled atta,https://sharmajikaaata.com/,2,Middle,2019,Maharashtra,,,63,38,40,10,400,1,1,40,20,,200,
Manetain,Beauty/Fashion,Curly Hair Care Products,https://manetain.in/,2,Young,,Multiple-States,100,12,60,,75,2.5,3000,1,1,75,10,,750,
GavinParis,Beauty/Fashion,Gender-Neutral Fashion,https://www.gavinparis.com/,2,Young,2022,West Bengal,114,,60,,50,5,1000,1,0,,,,,
UnStop,Technology/Software,Connecting talent colleges recruiters,https://unstop.com/,1,Middle,2022,Delhi,1600,,90,,100,1,10000,1,1,200,4,,5000,
BlueTea,Food,Ayurvedic Herbal Tea,https://bluetea.co.in/,2,Middle,2018,Multiple-States,1000,,,19,75,1,7500,1,1,50,3,25,1666.666667,
TheGreenSnack,Food,Healthy Snacks Online,https://thegreensnackco.com/,2,Middle,2017,,-1,25,,,100,2,5000,1,1,100,8,,1250,
HobbyIndia,Furnishing/Household,Online Art & Craft Store,https://hobbyindia.store/,3,Young,,Gujarat,117,,,,50,3,1666.666667,1,0,,,,,
Flhexible,Furnishing/Household,Composite paper honeycomb panels,https://www.flhexible.com/,2,Middle,2019,Rajasthan,16,3.5,40,25,50,7.5,666.6666667,0,,,,,,
UpThrust,Sports,ESPORTS AND GAMING ORGANISATION,https://www.upthrustesports.com/,2,Young,,,300,33,,30,75,3,2500,0,,,,,,
Zoff,Food,Cool Grind Technology Indian Spices,https://zofffoods.com/,2,Middle,2018,Chhattisgarh,,700,,,100,0.5,20000,1,1,100,1.25,,8000,
DesiToys,Manufacturing,Indian Traditional Toys and Indoor Games,https://www.desitoys.in/,1,Middle,2017,Maharashtra,115,20,50,18,50,3,1666.666667,1,0,,,,,
CloudWorx,Technology/Software,NoCode Enterprise Metaverse App Builder,http://www.cloudworx.ai/,1,Middle,,Karnataka,,14,,,40,2,2000,1,1,40,3.2,,1250,
Mahantam,Manufacturing,Tea Glass Washing Machine,https://mahantam.co.in/,2,Young,,Gujarat,,,,,30,10,300,1,1,30,20,,150,
MindPeers,Medical/Health,For Mental Strength,https://www.mindpeers.co/,2,Middle,,Delhi,,,,,53,1,5300,1,1,106,2,,5300,
Barosi,Food,Fresh & pure milk products,https://www.barosi.in/,1,Middle,2016,Uttar Pradesh,-1,42,40,,50,2,2500,0,,,,,,
Daryaganj,Food,North Indian Cuisine restaurant,https://daryaganj.com/,3,Middle,,Delhi,,300,,,90,0.5,18000,1,1,90,1,,9000,
DhruvVidyut,Vehicles/Electrical Vehicles,Invention converts cycle into an electric cycle,https://www.instagram.com/dhruvvidyutdv/?hl=en,1,Middle,,,,,,,0,0.5,0,1,1,0,0.5,,0,
CELLBELL,Furnishing/Household,Gaming Office Chairs,https://cellbell.in/,3,Middle,2019,Maharashtra,,400,52,,90,1.5,6000,0,,,,,,
Tipayi,Manufacturing,Balance Bike for Kids,https://www.vamshycle.com/,1,Young,2019,,21,0.5,35,26,50,10,500,1,0,,,,,1
DigiQure,Medical/Health,Book Doctors Appointments Video Consultation,https://digiqure.com/,2,Middle,,Madhya Pradesh,,,,,40,4,1000,1,1,40,10,,400,
Nirmalaya,Manufacturing,Incense products made from temple flowers,https://nirmalaya.com/,3,Middle,,Delhi,-1,80,,,60,1.5,4000,0,,,,,,
Pabiben,Beauty/Fashion,Handcrafted products sold directly by artisans,https://www.pabiben.com/,2,Middle,,Gujarat,,,50,35,50,5,1000,1,1,10,5,40,200,
Homestrap,Furnishing/Household,Collection of organizer for home and travelling,https://www.homestrap.com/,2,Middle,,,,,55,,70,1,7000,1,1,50,7,20,714.2857143,
uBreathe,Manufacturing,Smart Natural Air Purifier,https://www.ubreathe.in/,2,Middle,,,,,,,150,7.5,2000,1,1,50,5,100,1000,
Deyor,Technology/Software,Chatbot integrated experiential travel website,https://www.deyorcamps.com/,2,Middle,,,,,25,5,100,1,10000,0,,,,,,
iMumz,Medical/Health,Transforming pregnancy and parenting with app,https://www.imumz.com/,3,Middle,2020,Multiple-States,,,,,70,1,7000,1,1,10,1,60,1000,
TheHealthyBinge,Food,Assorted Pack Baked Chips,https://www.healthybinge.co.in/,2,Middle,,Maharashtra,-1,11,,,50,5,1000,1,1,50,5,,1000,
Freakins,Beauty/Fashion,Fashionable Denim Apparel,https://freakins.com/,2,Middle,,Multiple-States,-1,,63,,70,1,7000,1,1,50,2.5,20,2000,
Perfora,Furnishing/Household,Toothpaste Electric Toothbrush,https://perforacare.com/,2,Young,,Multiple-States,-1,,57,,80,1,8000,1,1,80,2.5,,3200,
MidNightAngelsByPC,Beauty/Fashion,Lounge & Travel wear,https://midnightangelsbypc.com/,2,Middle,2017,,180,,83,20,75,6,1250,1,0,,,,,
CureSee,Medical/Health,Artificial Intelligence (AI) based vision therapy,https://curesee.com/,3,Middle,,,0,264,,,40,5,800,1,1,50,10,,500,
MeduLance,Medical/Health,One-stop solution for all healthcare needs,https://medulance.com/,2,Middle,,Delhi,240,,,24,200,1,20000,1,1,200,2,,10000,
Cakelicious,Food,Cakes Online,,2,Middle,,West Bengal,,3,60,40,25,5,500,1,1,25,20,,125,
Bowled.io,Sports,Play-to-Earn Social Gaming Platform,https://www.bowled.io/,2,Middle,,,,,,,80,1,8000,0,,,,,,
Toyshine,Manufacturing,Collection of Toys,https://toyshine.in/,1,Middle,,Punjab,4500,450,,15,125,0.5,25000,0,,,,,,
neuphony,Medical/Health,Wearable EEG Headband,https://neuphony.com/,1,Young,2022,Uttar Pradesh,-1,,,,100,2,5000,1,1,100,5.4,,1851.851852,
Amrutam,Food,Ayurvedic Lifestyle products,https://amrutam.co.in/,3,Middle,2017,Madhya Pradesh,110,,,,50,2,2500,0,,,,,,
HoloKitab,Technology/Software,Augmented Reality content for books,https://www.holokitab.in/,2,Middle,,Punjab,0,,,,45,10,450,1,1,45,25,,180,
Zoe,Food,Nutrition For Life. Shop health & wellness products,https://www.zoe.menu/,2,Middle,,Haryana,120,,,,75,5,1500,0,,,,,,
Hornback,Vehicles/Electrical Vehicles,Diamond frame folding bicycles,https://hornback.bike/,2,Middle,,Telangana,,,,,50,1,5000,1,1,50,2.5,,2000,1
Malaki,Liquor/Beverages,Non-Alcoholic Beverages,https://malaki.in/,2,Middle,,,270,42,56,13,50,1,5000,1,1,50,3,,1666.666667,
nanoclean,Manufacturing,Contamination Control Solutions,https://nanoclean.store/,1,Middle,2017,Rajasthan,110,5,,,80,2,4000,0,,,,,,1
DesmondJi,Liquor/Beverages,"Spirits, Liqueurs & Cocktail Blends",,2,Middle,,Goa,1200,125,,,100,1,10000,0,,,,,,
Cremeitalia,Food,Fresh Italian Cheese Products,https://cremeitalia.com/,1,Middle,,Maharashtra,,62,,,90,1.5,6000,0,,,,,,
nawgati,Services,Congestion Management for Fuel Stations,https://www.nawgati.com/,3,Young,,Uttar Pradesh,,,,,67,2,3350,1,1,67,3,,2233.333333,
Swytchd,Vehicles/Electrical Vehicles,All-inclusive Electric Vehicle Subscription,https://swytchd.com/,1,Middle,,Karnataka,,,,,50,3,1666.666667,0,,,,,,
GladFul,Food,Natural High Protein Rich & Healthy Foods,https://gladful.in/,2,Middle,2022,Rajasthan,-1,24,,,50,2,2500,1,1,50,3.5,,1428.571429,
Pharmallama,Medical/Health,Simplified pharmacy,https://pharmallama.com/,3,Middle,2022,Multiple-States,,24,,,100,1.5,6666.666667,1,1,200,5,,4000,
CraveRajaFoods,Food,Cloud-kitchen service,https://craverajafoods.com/,2,Middle,2020,West Bengal,256,20,70,3,65,3,2166.666667,0,,,,,,
VAPerfume,Furnishing/Household,"Devotional, meditational, and romantic incense",http://www.vaperfume.com/,1,Middle,,,,,56,35,100,10,1000,0,,,,,,
Hood,Technology/Software,Pseudonymous social network,https://www.hood.live/,3,Middle,2022,Haryana,0,,,,120,0.2,60000,1,1,60,0.54,60,11111.11111,
TwistingScoops,Food,Authentic turkish ice cream,https://twistingscoops.com/,2,Young,,,,,,40,100,2.5,4000,1,0,,,,,
GROWiT,Agriculture,Protective farming products,https://thegrowit.com/,2,Middle,,,-1,,22,,100,1,10000,1,1,50,1,50,5000,
Makino,Food,Nachos & Nuts,https://makino-new.myshopify.com/,4,Young,2018,Gujarat,,2.5,40,,200,2,10000,0,,,,,,
Trunome,Medical/Health,Post Transplant Care,https://acrannolife.com/,2,Middle,,Tamil Nadu,,,,,150,1,15000,1,1,150,2,,7500,1
Wol3D,Manufacturing,3D printing technology,https://worldoflilliputs.com/,4,Middle,2016,Maharashtra,,,30,,150,1,15000,1,1,80,2,70,4000,
What'sUpWellness,Food,Wellness in the form of quick bites,https://whatsupwellness.in/,2,Middle,,,,30,,,50,3,1666.666667,1,1,60,4.76,,1260.504202,
ProostBeer,Liquor/Beverages,Freshly brewed beer,https://www.proost69.com/,2,Middle,2018,,-1,,,,100,0.75,13333.33333,0,,,,,,
DrCubes,Liquor/Beverages,Frozen Fresh cubes,https://drcubes.in/,2,Middle,2017,Karnataka,75,,45,35,80,15,533.3333333,0,,,,,,
MetroRide,Vehicles/Electrical Vehicles,Metro Shuttle Service Access Transportation,https://metroride.in/,2,Middle,,Karnataka,54,25,,,75,1,7500,0,,,,,,
Conker,Technology/Software,Skill Based Learning Online Courses,https://learn.conkerworld.com/,1,Middle,,Karnataka,120,22,50,8,40,1,4000,0,,,,,,
WTF,Food,Where's The Food,,1,Middle,,West Bengal,,,,,75,5,1500,0,,,,,,
funngro,Technology/Software,Smart Teens work with Smart companies,https://www.funngro.com/,3,Middle,2021,Maharashtra,,,,,50,1.25,4000,1,1,50,4.16,,1201.923077,
Aadvik,Food,Buy Camel & Goat Milk,https://aadvikfoods.com/,2,Middle,,Multiple-States,720,50,,,60,1.5,4000,1,1,15,1.5,45,1000,
oyehappy,Services,"Unique Gifts, Customized Gifts, Romantic Gifts, Thoughtful Gifts",https://www.oyehappy.com/,2,Middle,,Telangana,1005,80,80,,50,1,5000,0,,,,,,
HealthyMaster,Food,"Online Dry Fruits, Snacks, Berries, Chips",https://healthymaster.in/,3,Middle,2019,Karnataka,-1,20,45,,50,2,2500,1,1,50,6.5,,769.2307692,
Kitsons,Furnishing/Household,"Stationery, Art & Craft, Books & Toy Retail Space",https://kitsons.in/,3,Middle,2010,Telangana,,,,,1000,10,10000,0,,,,,,
LondonBubble,Food,Waffle Chips Online,https://londonbubbleco.com/,2,Middle,,,,,,,75,5,1500,1,1,75,15,,500,
WaggyZone,Animal/Pets,"Ice Cream Treat for Dogs, Puppies and Cats",https://waggyzone.com/,1,Middle,,,0,1,60,,50,5,1000,0,,,,,,
NutriCook,Food,"Smart Pots, Air Fryers, Air Fryer Oven",https://www.nutricookindia.com/,2,Middle,,Multiple-States,13,,,,100,2,5000,1,1,50,10,50,500,
Subhag,Medical/Health,Health-tech IUI Treatment Procedure for Infertility,https://subhag.in/,3,Middle,,Multiple-States,,0,,,50,1,5000,1,1,20,1,30,2000,1
SinghStyled,Beauty/Fashion,Sikh Gentleman to maintain their Guru-gifted identity,https://www.singhstyled.com/,2,Middle,2019,,,7.5,,,50,5,1000,1,1,50,10,,500,
ZSportsTech,Sports,Cricket Sport Shop,https://www.zsportstech.com/,2,Middle,,Maharashtra,31,,,,60,2,3000,0,,,,,,
ThePlatedProject,Services,Decor Plates & Dinnerware,https://www.theplatedproject.com/,1,Middle,,,,,,,75,2,3750,1,1,75,3.75,,2000,
VsnapU,Services,Professional Photography service,https://www.vsnapu.com/,4,Middle,2017,Goa,,15,,,50,1.5,3333.333333,0,,,,,,
TheHealthyFactory,Food,Protein bread,https://www.thehealthfactory.in/,2,Young,2018,,-1,,56,,75,2.1,3571.428571,0,,,,,,
Brevistay,Services,Booking hotels for hours,https://www.brevistay.com/,5,Young,2016,Multiple-States,,42,,,100,1.66,6024.096386,0,,,,,,
SoulUp,Services,Real Conversations Real People,https://www.soulup.in/,2,Middle,,Karnataka,,,,,50,3,1666.666667,1,1,50,5,,1000,
TheBigBookBox - ChapterOneBooks,Furnishing/Household,New paperback and hardcover books,https://www.thebigbookbox.com/,2,Middle,,Multiple-States,140,,,,50,8,625,0,,,,,,
Rubans,Beauty/Fashion,Artificial Jewellery Set Online,https://www.rubans.in/,2,Middle,2014,Karnataka,5100,,,,150,0.5,30000,1,1,100,1,50,10000,
SameNotification,Technology/Software,parental monitoring app,,1,Middle,,,,,,,25,15,166.6666667,0,,,,,,
BottomLineSprays,Furnishing/Household,portable jet spray,https://bottomlinesprays.com/,2,Middle,,Gujarat,,2,,,35,5,700,0,,,,,,
LilGoodness,Food,Healthy Snacks,https://lilgoodness.com/,2,Middle,2020,Multiple-States,-1,145,65,,100,1,10000,1,1,50,1,50,5000,
ForeverModest,Beauty/Fashion,premium Muslim women's clothing,https://forevermodest.shop/,1,Young,2021,Maharashtra,,4.2,,,20,10,200,1,1,20,20,,100,
Sahayatha,Medical/Health,smart wheelchair with an assistive cleansing device,https://dhanvantribiomedical.com/,1,Young,2022,Tamil Nadu,,,,,100,10,1000,1,1,100,10,,1000,1
WickedGud,Food,High Protein & Fiber Gluten Free Vegan food,https://wickedgud.com/,3,Middle,2021,Maharashtra,-1,,,,50,1,5000,0,,,,,,
maisha,Beauty/Fashion,Handmade Cotton & Jacquard Bags,https://maishalifestyle.com/,3,Middle,2018,Gujarat,,,,,75,3,2500,1,1,10,1,65,1000,
NishHair,Beauty/Fashion,100% Human Hair Extensions,https://nishhair.com/,1,Middle,2017,Maharashtra,670,80,,30,100,2,5000,1,1,100,2,,5000,
MYBYK,Vehicles/Electrical Vehicles,IoT-enabled bikes,https://mybyk.in/,1,Middle,,Gujarat,-1,,,,200,1,20000,0,,,,,,
